{
  "provenance": {
    "timestamp": "2026-05-21T00:24:04.027826+00:00",
    "python": "3.11.15",
    "platform": "macOS-26.4.1-x86_64-i386-64bit",
    "package_version": "0.1.0",
    "git": {
      "commit": "45b42f8799b7f4ed482cc07cd386f54367967c77",
      "branch": "refactor/metrics-taxonomy",
      "dirty": true
    }
  },
  "config": {},
  "results": [
    {
      "metric_id": "C24.pse",
      "value": 0.7019985309919775,
      "baseline_random": null,
      "baseline_untrained": null,
      "baseline_literature": null,
      "n_samples": 2,
      "ci_low": null,
      "ci_high": null,
      "faithfulness_curve": null,
      "cpr": null,
      "cmd": null,
      "metadata": {
        "task": "ioi",
        "sum_pse": 4.164048194885254,
        "total_effect": 5.931704998016357,
        "pse_ratio": 0.7019985309919775,
        "mean_clean_ld": 5.931704998016357,
        "per_head_pse": {
          "L0H1": 1.3230338096618652,
          "L2H2": -0.7366409301757812,
          "L3H0": 0.6429104804992676,
          "L4H11": 0.44977569580078125,
          "L5H5": 1.7069511413574219,
          "L6H9": 1.8167376518249512,
          "L7H3": 0.2123713493347168,
          "L7H9": 0.30020761489868164,
          "L8H6": -0.08736371994018555,
          "L8H10": -0.6676979064941406,
          "L9H6": -0.14145517349243164,
          "L9H9": 0.1660442352294922,
          "L10H0": 0.3797898292541504,
          "L10H7": -0.3749203681945801,
          "L11H10": -0.8256955146789551
        },
        "n_circuit_heads": 15,
        "circuit_heads": [
          [
            0,
            1
          ],
          [
            2,
            2
          ],
          [
            3,
            0
          ],
          [
            4,
            11
          ],
          [
            5,
            5
          ],
          [
            6,
            9
          ],
          [
            7,
            3
          ],
          [
            7,
            9
          ],
          [
            8,
            6
          ],
          [
            8,
            10
          ],
          [
            9,
            6
          ],
          [
            9,
            9
          ],
          [
            10,
            0
          ],
          [
            10,
            7
          ],
          [
            11,
            10
          ]
        ]
      }
    }
  ]
}