{
  "provenance": {
    "timestamp": "2026-05-20T19:07:50.677432+00:00",
    "python": "3.11.15",
    "platform": "macOS-26.4.1-x86_64-i386-64bit",
    "package_version": "0.1.0",
    "git": {
      "commit": "45b42f8799b7f4ed482cc07cd386f54367967c77",
      "branch": "refactor/metrics-taxonomy",
      "dirty": true
    }
  },
  "config": {},
  "results": [
    {
      "metric_id": "B12.qk_frob_norm",
      "value": 21.959900975227356,
      "baseline_random": 13.513977948357077,
      "baseline_untrained": null,
      "baseline_literature": null,
      "n_samples": 8,
      "ci_low": null,
      "ci_high": null,
      "faithfulness_curve": null,
      "cpr": null,
      "cmd": null,
      "metadata": {
        "task": "acronym",
        "metric": "qk_frob_norm",
        "circuit_mean": 21.959900975227356,
        "circuit_max": 58.16282272338867,
        "circuit_min": 11.18172836303711,
        "circuit_std": 15.894514880368575,
        "non_circuit_mean": 13.513977948357077,
        "ratio": 1.6249768246613552,
        "per_head": {
          "L1H0": 15.55,
          "L2H2": 37.67,
          "L4H11": 58.16,
          "L5H8": 14.64,
          "L8H11": 11.81,
          "L9H9": 12.68,
          "L10H10": 11.18,
          "L11H4": 13.99
        }
      }
    },
    {
      "metric_id": "B12.sv_gap",
      "value": 1.1494781517548418,
      "baseline_random": 1.1156190798202383,
      "baseline_untrained": null,
      "baseline_literature": null,
      "n_samples": 8,
      "ci_low": null,
      "ci_high": null,
      "faithfulness_curve": null,
      "cpr": null,
      "cmd": null,
      "metadata": {
        "task": "acronym",
        "metric": "sv_gap",
        "circuit_mean": 1.1494781517548418,
        "circuit_max": 1.5233173347530409,
        "circuit_min": 1.0398416034270075,
        "circuit_std": 0.15164796928988095,
        "non_circuit_mean": 1.1156190798202383,
        "ratio": 1.0303500293639871,
        "per_head": {
          "L1H0": 1.05,
          "L2H2": 1.04,
          "L4H11": 1.16,
          "L5H8": 1.04,
          "L8H11": 1.16,
          "L9H9": 1.05,
          "L10H10": 1.52,
          "L11H4": 1.17
        }
      }
    },
    {
      "metric_id": "B12.qk_frob_norm",
      "value": 28.43474837711879,
      "baseline_random": 13.244795402471166,
      "baseline_untrained": null,
      "baseline_literature": null,
      "n_samples": 7,
      "ci_low": null,
      "ci_high": null,
      "faithfulness_curve": null,
      "cpr": null,
      "cmd": null,
      "metadata": {
        "task": "copy_suppression",
        "metric": "qk_frob_norm",
        "circuit_mean": 28.43474837711879,
        "circuit_max": 58.16282272338867,
        "circuit_min": 11.253437995910645,
        "circuit_std": 14.38733617430132,
        "non_circuit_mean": 13.244795402471166,
        "ratio": 2.146862032432668,
        "per_head": {
          "L2H2": 37.67,
          "L4H11": 58.16,
          "L5H1": 29.4,
          "L5H5": 21.54,
          "L6H9": 22.81,
          "L10H7": 11.25,
          "L11H10": 18.21
        }
      }
    },
    {
      "metric_id": "B12.sv_gap",
      "value": 1.0888922217456036,
      "baseline_random": 1.1189618577910359,
      "baseline_untrained": null,
      "baseline_literature": null,
      "n_samples": 7,
      "ci_low": null,
      "ci_high": null,
      "faithfulness_curve": null,
      "cpr": null,
      "cmd": null,
      "metadata": {
        "task": "copy_suppression",
        "metric": "sv_gap",
        "circuit_mean": 1.0888922217456036,
        "circuit_max": 1.2515374557910006,
        "circuit_min": 1.0124405067309448,
        "circuit_std": 0.0801183895023997,
        "non_circuit_mean": 1.1189618577910359,
        "ratio": 0.9731272018493052,
        "per_head": {
          "L2H2": 1.04,
          "L4H11": 1.16,
          "L5H1": 1.07,
          "L5H5": 1.25,
          "L6H9": 1.01,
          "L10H7": 1.07,
          "L11H10": 1.02
        }
      }
    },
    {
      "metric_id": "B12.qk_frob_norm",
      "value": 11.749217557907105,
      "baseline_random": 14.063554827257883,
      "baseline_untrained": null,
      "baseline_literature": null,
      "n_samples": 5,
      "ci_low": null,
      "ci_high": null,
      "faithfulness_curve": null,
      "cpr": null,
      "cmd": null,
      "metadata": {
        "task": "gendered_pronoun",
        "metric": "qk_frob_norm",
        "circuit_mean": 11.749217557907105,
        "circuit_max": 16.841073989868164,
        "circuit_min": 3.280268430709839,
        "circuit_std": 4.756767866419237,
        "non_circuit_mean": 14.063554827257883,
        "ratio": 0.8354372491264662,
        "per_head": {
          "L0H10": 3.28,
          "L3H0": 16.84,
          "L5H8": 14.64,
          "L6H6": 10.12,
          "L8H6": 13.86
        }
      }
    },
    {
      "metric_id": "B12.sv_gap",
      "value": 1.1189340451957668,
      "baseline_random": 1.1174485600259878,
      "baseline_untrained": null,
      "baseline_literature": null,
      "n_samples": 5,
      "ci_low": null,
      "ci_high": null,
      "faithfulness_curve": null,
      "cpr": null,
      "cmd": null,
      "metadata": {
        "task": "gendered_pronoun",
        "metric": "sv_gap",
        "circuit_mean": 1.1189340451957668,
        "circuit_max": 1.4863836554282428,
        "circuit_min": 1.0194245184729709,
        "circuit_std": 0.18393093449241704,
        "non_circuit_mean": 1.1174485600259878,
        "ratio": 1.001329354319103,
        "per_head": {
          "L0H10": 1.03,
          "L3H0": 1.49,
          "L5H8": 1.04,
          "L6H6": 1.02,
          "L8H6": 1.02
        }
      }
    },
    {
      "metric_id": "B12.qk_frob_norm",
      "value": 18.210359845842635,
      "baseline_random": 13.767209415018124,
      "baseline_untrained": null,
      "baseline_literature": null,
      "n_samples": 7,
      "ci_low": null,
      "ci_high": null,
      "faithfulness_curve": null,
      "cpr": null,
      "cmd": null,
      "metadata": {
        "task": "greater_than",
        "metric": "qk_frob_norm",
        "circuit_mean": 18.210359845842635,
        "circuit_max": 29.401371002197266,
        "circuit_min": 11.152868270874023,
        "circuit_std": 6.491054693489919,
        "non_circuit_mean": 13.767209415018124,
        "ratio": 1.322734280909926,
        "per_head": {
          "L5H1": 29.4,
          "L5H5": 21.54,
          "L6H9": 22.81,
          "L7H10": 19.3,
          "L8H8": 11.15,
          "L8H11": 11.81,
          "L9H1": 11.47
        }
      }
    },
    {
      "metric_id": "B12.sv_gap",
      "value": 1.1017472403282549,
      "baseline_random": 1.118305032024039,
      "baseline_untrained": null,
      "baseline_literature": null,
      "n_samples": 7,
      "ci_low": null,
      "ci_high": null,
      "faithfulness_curve": null,
      "cpr": null,
      "cmd": null,
      "metadata": {
        "task": "greater_than",
        "metric": "sv_gap",
        "circuit_mean": 1.1017472403282549,
        "circuit_max": 1.2515374557910006,
        "circuit_min": 1.0124405067309448,
        "circuit_std": 0.07695359468791038,
        "non_circuit_mean": 1.118305032024039,
        "ratio": 0.9851938502285594,
        "per_head": {
          "L5H1": 1.07,
          "L5H5": 1.25,
          "L6H9": 1.01,
          "L7H10": 1.07,
          "L8H8": 1.03,
          "L8H11": 1.16,
          "L9H1": 1.11
        }
      }
    },
    {
      "metric_id": "B12.qk_frob_norm",
      "value": 29.85538755144392,
      "baseline_random": 13.17220799940346,
      "baseline_untrained": null,
      "baseline_literature": null,
      "n_samples": 7,
      "ci_low": null,
      "ci_high": null,
      "faithfulness_curve": null,
      "cpr": null,
      "cmd": null,
      "metadata": {
        "task": "induction",
        "metric": "qk_frob_norm",
        "circuit_mean": 29.85538755144392,
        "circuit_max": 58.16282272338867,
        "circuit_min": 19.30104637145996,