{
  "provenance": {
    "timestamp": "2026-05-20T23:23:26.519800+00:00",
    "python": "3.11.15",
    "platform": "macOS-26.4.1-x86_64-i386-64bit",
    "package_version": "0.1.0",
    "git": {
      "commit": "45b42f8799b7f4ed482cc07cd386f54367967c77",
      "branch": "refactor/metrics-taxonomy",
      "dirty": true
    }
  },
  "config": {},
  "results": [
    {
      "metric_id": "E11.attention_entropy",
      "value": 0.5478436436767998,
      "baseline_random": 0.9521208936853925,
      "baseline_untrained": null,
      "baseline_literature": null,
      "n_samples": 15,
      "ci_low": null,
      "ci_high": null,
      "faithfulness_curve": null,
      "cpr": null,
      "cmd": null,
      "metadata": {
        "task": "ioi",
        "metric": "attention_entropy",
        "circuit_mean": 0.5478436436767998,
        "circuit_min": 0.0010674096876755357,
        "circuit_max": 1.0070788860321045,
        "circuit_std": 0.3620009557928066,
        "non_circuit_mean": 0.9521208936853925,
        "ratio": 0.5753929435354702,
        "per_head": {
          "L0H1": 0.1877,
          "L2H2": 0.98,
          "L3H0": 0.2234,
          "L4H11": 0.0011,
          "L5H5": 0.2388,
          "L6H9": 0.1126,
          "L7H3": 1.0071,
          "L7H9": 0.9825,
          "L8H6": 0.6339,
          "L8H10": 0.9934,
          "L9H6": 0.2883,
          "L9H9": 0.2816,
          "L10H0": 0.6467,
          "L10H7": 0.6505,
          "L11H10": 0.9902
        },
        "interpretation": "low entropy = focused attention (PTH-like)"
      }
    }
  ]
}